Id,BookingId,CreatedAt
1,1,2025-04-18 13:17:50.3322283 +02:00
2,2,2025-04-18 13:17:50.3322283 +02:00
3,3,2025-04-18 13:17:50.3322283 +02:00
4,4,2025-04-18 13:17:50.3322283 +02:00
5,5,2025-04-18 13:17:50.3322283 +02:00
6,6,2025-04-18 13:17:50.3322283 +02:00
7,7,2025-04-18 13:17:50.3322283 +02:00
8,8,2025-04-18 13:17:50.3322283 +02:00
9,9,2025-04-18 13:17:50.3322283 +02:00
10,10,2025-04-18 13:17:50.3322283 +02:00
11,11,2025-04-18 13:17:50.3322283 +02:00
12,12,2025-04-18 13:17:50.3322283 +02:00
13,13,2025-04-18 13:17:50.3322283 +02:00
14,14,2025-04-18 13:17:50.3322283 +02:00
15,15,2025-04-18 13:17:50.3322283 +02:00
16,16,2025-04-18 13:17:50.3322283 +02:00
17,17,2025-04-18 13:17:50.3322283 +02:00
18,18,2025-04-18 13:17:50.3322283 +02:00
19,19,2025-04-18 13:17:50.3322283 +02:00
20,20,2025-04-18 13:17:50.3322283 +02:00
